{
  "if": {
    "allOf": [
      {
        "field": "type",
        "equals": "Microsoft.Compute/virtualMachines"
      },
      {
        "field": "location",
        "in": [
          "australiacentral",
          "australiacentral2",
          "australiaeast",
          "australiasoutheast",
          "brazilsouth",
          "brazilsoutheast",
          "canadacentral",
          "canadaeast",
          "centralindia",
          "centralus",
          "eastasia",
          "eastus2euap",
          "eastus",
          "eastus2",
          "francecentral",
          "francesouth",
          "germanywestcentral",
          "japaneast",
          "japanwest",
          "jioindiawest",
          "koreacentral",
          "koreasouth",
          "northcentralus",
          "northeurope",
          "norwayeast",
          "norwaywest",
          "southafricanorth",
          "southcentralus",
          "southeastasia",
          "southindia",
          "switzerlandnorth",
          "switzerlandwest",
          "uaenorth",
          "uksouth",
          "ukwest",
          "westcentralus",
          "westeurope",
          "westindia",
          "westus",
          "westus2"
        ]
      },
      {
        "field": "tags.SLA",
        "equals": "24x7"
      },
      {
        "anyOf": [
          {
            "field": "Microsoft.Compute/imagePublisher",
            "equals": "Canonical"
          }
        ]
      }
    ]
  },
  "then": {
    "effect": "[parameters('effect')]",
    "details": {
      "type": "Microsoft.Insights/dataCollectionRuleAssociations",
      "roleDefinitionIds": [
        "/providers/microsoft.authorization/roleDefinitions/749f88d5-cbae-40b8-bcfc-e573ddc772fa",
        "/providers/microsoft.authorization/roleDefinitions/92aaf0da-9dab-42b6-94a3-d43ce8d16293"
      ],
      "evaluationDelay": "AfterProvisioning",
      "existenceCondition": {
        "anyOf": [
          {
            "field": "Microsoft.Insights/dataCollectionRuleAssociations/dataCollectionRuleId",
            "equals": "[parameters('dcrResourceId')]"
          },
          {
            "field": "Microsoft.Insights/dataCollectionRuleAssociations/dataCollectionEndpointId",
            "equals": "[parameters('dcrResourceId')]"
          }
        ]
      },
      "deployment": {
        "properties": {
          "mode": "incremental",
          "template": {
            "$schema": "https://schema.management.azure.com/schemas/2015-01-01/deploymentTemplate.json#",
            "contentVersion": "1.0.0.0",
            "parameters": {
              "resourceName": {
                "type": "string"
              },
              "location": {
                "type": "string"
              },
              "dcrResourceId": {
                "type": "string"
              },
              "resourceType": {
                "type": "string"
              }
            },
            "variables": {
              "dcrAssociationName": "[concat('assoc-', uniqueString(concat(parameters('resourceName'), parameters('dcrResourceId'))))]",
              "dceAssociationName": "configurationAccessEndpoint",
              "dcrResourceType": "Microsoft.Insights/dataCollectionRules",
              "dceResourceType": "Microsoft.Insights/dataCollectionEndpoints"
            },
            "resources": [
              {
                "condition": "[equals(parameters('resourceType'), variables('dcrResourceType'))]",
                "name": "[variables('dcrAssociationName')]",
                "type": "Microsoft.Insights/dataCollectionRuleAssociations",
                "apiVersion": "2021-04-01",
                "properties": {
                  "dataCollectionRuleId": "[parameters('dcrResourceId')]"
                },
                "scope": "[concat('Microsoft.Compute/virtualMachines/', parameters('resourceName'))]"
              },
              {
                "condition": "[equals(parameters('resourceType'), variables('dceResourceType'))]",
                "name": "[variables('dceAssociationName')]",
                "type": "Microsoft.Insights/dataCollectionRuleAssociations",
                "apiVersion": "2021-04-01",
                "properties": {
                  "dataCollectionEndpointId": "[parameters('dcrResourceId')]"
                },
                "scope": "[concat('Microsoft.Compute/virtualMachines/', parameters('resourceName'))]"
              }
            ]
          },
          "parameters": {
            "resourceName": {
              "value": "[field('name')]"
            },
            "location": {
              "value": "[field('location')]"
            },
            "dcrResourceId": {
              "value": "[parameters('dcrResourceId')]"
            },
            "resourceType": {
              "value": "[parameters('resourceType')]"
            }
          }
        }
      }
    }
  }
}