{
    "$schema": "https://schema.management.azure.com/schemas/2019-04-01/deploymentParameters.json#",
    "contentVersion": "1.0.0.0",
    "parameters": {
        "galleryImageResourceId": {
            "value": "/subscriptions/63cf28ad-7dcb-431b-a539-58a6e358db3d/resourceGroups/rg-spoke-schipper-avd-prod-weu-001/providers/Microsoft.Compute/galleries/sigavdprodweu65fv/images/NLC000883-AVD-GOLDENVM-01-v01"
        },
        "templateName": {
            "value": "win11-22H2-avd"
        }
    }
  }