{
    "vaultLocation": {
      "type": "String",
      "metadata": {
        "displayName": "Location (Specify the location of the VMs that you want to protect)",
        "description": "Specify the location of the VMs that you want to protect. VMs should be backed up to a vault in the same location. For example - CanadaCentral",
        "strongType": "location"
      }
    },
    "inclusionTagName": {
      "type": "String",
      "metadata": {
        "displayName": "Inclusion Tag Name",
        "description": "Name of the tag to use for including VMs in the scope of this policy. This should be used along with the Inclusion Tag Value parameter. Learn more at https://aka.ms/AppCentricVMBackupPolicy"
      },
      "defaultValue": ""
    },
    "inclusionTagValue": {
      "type": "Array",
      "metadata": {
        "displayName": "Inclusion Tag Values",
        "description": "Value of the tag to use for including VMs in the scope of this policy (in case of multiple values, use a comma-separated list). This should be used along with the Inclusion Tag Name parameter. Learn more at https://aka.ms/AppCentricVMBackupPolicy."
      }
    },
    "backupPolicyId": {
      "type": "String",
      "metadata": {
        "displayName": "Backup Policy (of type Azure VM from a vault in the location chosen above)",
        "description": "Specify the ID of the Azure Backup policy to configure backup of the virtual machines. The selected Azure Backup policy should be of type Azure Virtual Machine. This policy needs to be in a vault that is present in the location chosen above. For example - /subscriptions/<SubscriptionId>/resourceGroups/<resourceGroupName>/providers/Microsoft.RecoveryServices/vaults/<VaultName>/backupPolicies/<BackupPolicyName>",
        "strongType": "Microsoft.RecoveryServices/vaults/backupPolicies"
      }
    },
    "effect": {
      "type": "String",
      "metadata": {
        "displayName": "Effect",
        "description": "Enable or disable the execution of the policy"
      },
      "allowedValues": [
        "deployIfNotExists",
        "auditIfNotExists",
        "disabled"
      ],
      "defaultValue": "deployIfNotExists"
    }
}