{
    "effect": {
        "type": "String",
        "metadata": {
          "displayName": "Effect",
          "description": "Enable or disable the execution of the policy."
        },
        "allowedValues": [
          "DeployIfNotExists",
          "Disabled"
        ],
        "defaultValue": "DeployIfNotExists"
      },
      "listOfWindowsImageIdToInclude": {
        "type": "Array",
        "metadata": {
          "displayName": "Optional: List of virtual machine images that have supported Windows OS to add to scope",
          "description": "Example values: '/subscriptions/<subscriptionId>/resourceGroups/YourResourceGroup/providers/Microsoft.Compute/images/ContosoStdImage'"
        },
        "defaultValue": []
      },
      "dcrResourceId": {
        "type": "String",
        "metadata": {
          "displayName": "Data Collection Rule Resource Id or Data Collection Endpoint Resource Id",
          "description": "Resource Id of the Data Collection Rule or the Data Collection Endpoint to be applied on the Linux machines in scope.",
          "portalReview": "true"
        }
      },
      "resourceType": {
        "type": "String",
        "metadata": {
          "displayName": "Resource Type",
          "description": "Either a Data Collection Rule (DCR) or a Data Collection Endpoint (DCE)",
          "portalReview": "true"
        },
        "allowedValues": [
          "Microsoft.Insights/dataCollectionRules",
          "Microsoft.Insights/dataCollectionEndpoints"
        ],
        "defaultValue": "Microsoft.Insights/dataCollectionRules"
      }
}